row_id,platform,data_type,game,source,content_type,author,timestamp,text,theme,polarity_seed,score,num_comments,url
1,Reddit,synthetic,PUBG,r/PUBATTLEGROUNDS,post,u/Sage99,2026-06-19T07:08:00,"Ran into another obvious wallhacker in ranked, report system does nothing",bug/cheating complaints,-1,387,31,
2,Reddit,synthetic,PUBG,r/PUBATTLEGROUNDS,post,u/Sage22,2026-07-15T16:38:00,"Coming back after 2 years, the gunplay still feels the best in the genre",nostalgia,1,67,14,
3,Reddit,synthetic,PUBG,r/PUBATTLEGROUNDS,post,u/Hayden_yt,2026-07-25T00:48:00,Didn't expect to enjoy a superhero collab in PUBG but here we are,crossover hype,1,865,84,
4,Reddit,synthetic,PUBG,r/PUBATTLEGROUNDS,post,u/Reese88,2026-06-10T02:24:00,Queue times on Miramar are getting rough during off-peak hours,matchmaking/queue,-1,59,9,
5,Reddit,synthetic,PUBG,r/PUBATTLEGROUNDS,post,u/Quinn_og,2026-07-08T03:59:00,Queue times on Miramar are getting rough during off-peak hours,matchmaking/queue,-1,203,14,
6,Reddit,synthetic,PUBG,r/PUBATTLEGROUNDS,post,u/Quinn99,2026-07-19T02:02:00,Battle pass grind takes way too long unless you buy XP boosts,monetization,-1,348,41,
7,Reddit,synthetic,PUBG,r/PUBATTLEGROUNDS,post,u/Reese_plays,2026-07-03T20:53:00,The Spider-Man crossover skins actually look really good this time,crossover hype,1,413,40,
8,Reddit,synthetic,PUBG,r/PUBATTLEGROUNDS,post,u/Sage_x,2026-07-17T20:04:00,Battle pass grind takes way too long unless you buy XP boosts,monetization,-1,321,77,
9,Reddit,synthetic,PUBG,r/PUBATTLEGROUNDS,post,u/Skyler_og,2026-06-21T20:44:00,The Spider-Man crossover skins actually look really good this time,crossover hype,1,610,70,
10,Reddit,synthetic,PUBG,r/PUBATTLEGROUNDS,post,u/Emerson_x,2026-07-25T10:25:00,"Ran into another obvious wallhacker in ranked, report system does nothing",bug/cheating complaints,-1,147,10,
11,Reddit,synthetic,PUBG,r/PUBATTLEGROUNDS,post,u/Drew_x,2026-06-29T20:29:00,Queue times on Miramar are getting rough during off-peak hours,matchmaking/queue,-1,83,10,
12,Reddit,synthetic,PUBG,r/PUBATTLEGROUNDS,post,u/Morgan_lol,2026-07-01T18:25:00,"Coming back after 2 years, the gunplay still feels the best in the genre",nostalgia,1,410,47,
13,Reddit,synthetic,PUBG,r/PUBATTLEGROUNDS,post,u/Hayden88,2026-07-29T03:09:00,Xeno Point mode is a fun change of pace but wears thin after a few rounds,mode feedback,0,165,16,
14,Reddit,synthetic,PUBG,r/PUBATTLEGROUNDS,post,u/Alex_vibes,2026-07-03T16:16:00,"Anti-cheat needs a total overhaul, ESP hackers every other match on Erangel",bug/cheating complaints,-1,293,90,
15,Reddit,synthetic,PUBG,r/PUBATTLEGROUNDS,post,u/Quinn22,2026-07-08T08:49:00,"Crate prices keep creeping up, this used to be a lot more generous",monetization,-1,338,51,
16,Reddit,synthetic,PUBG,r/PUBATTLEGROUNDS,post,u/Casey_og,2026-07-20T08:32:00,Didn't expect to enjoy a superhero collab in PUBG but here we are,crossover hype,1,820,84,
17,Reddit,synthetic,PUBG,r/PUBATTLEGROUNDS,post,u/Riley_lol,2026-07-06T19:12:00,Battle pass grind takes way too long unless you buy XP boosts,monetization,-1,88,14,
18,Reddit,synthetic,PUBG,r/PUBATTLEGROUNDS,post,u/Quinn_plays,2026-07-05T00:07:00,"Still can't believe this game holds up in 2026, the OG BR experience",nostalgia,1,411,128,
19,Reddit,synthetic,PUBG,r/PUBATTLEGROUNDS,post,u/Sage07,2026-06-09T02:46:00,"Ran into another obvious wallhacker in ranked, report system does nothing",bug/cheating complaints,-1,258,76,
20,Reddit,synthetic,PUBG,r/PUBATTLEGROUNDS,post,u/Hayden_plays,2026-07-09T05:16:00,The Spider-Man crossover skins actually look really good this time,crossover hype,1,580,180,
21,Reddit,synthetic,PUBG,r/PUBATTLEGROUNDS,post,u/Finley_dev,2026-06-29T21:41:00,"Still can't believe this game holds up in 2026, the OG BR experience",nostalgia,1,422,76,
22,Reddit,synthetic,PUBG,r/PUBATTLEGROUNDS,post,u/Sam_x,2026-07-18T17:14:00,"Ran into another obvious wallhacker in ranked, report system does nothing",bug/cheating complaints,-1,311,36,
23,Reddit,synthetic,PUBG,r/PUBATTLEGROUNDS,post,u/Ellis_plays,2026-07-29T10:04:00,"Crate prices keep creeping up, this used to be a lot more generous",monetization,-1,273,33,
24,Reddit,synthetic,PUBG,r/PUBATTLEGROUNDS,post,u/Ellis07,2026-07-30T18:36:00,"Still can't believe this game holds up in 2026, the OG BR experience",nostalgia,1,524,64,
25,Reddit,synthetic,PUBG,r/PUBATTLEGROUNDS,post,u/Jordan_vibes,2026-06-26T13:26:00,Xeno Point mode is a fun change of pace but wears thin after a few rounds,mode feedback,0,124,38,
26,Reddit,synthetic,PUBG,r/PUBATTLEGROUNDS,post,u/RowanTTV,2026-07-25T03:15:00,"Crate prices keep creeping up, this used to be a lot more generous",monetization,-1,108,11,
27,Reddit,synthetic,PUBG,r/PUBATTLEGROUNDS,post,u/Sage_og,2026-07-14T14:51:00,Xeno Point mode is a fun change of pace but wears thin after a few rounds,mode feedback,0,145,11,
28,Reddit,synthetic,PUBG,r/PUBATTLEGROUNDS,comment,u/Riley22,2026-07-15T12:57:00,"Ran into another obvious wallhacker in ranked, report system does nothing",bug/cheating complaints,-1,9,0,
29,Reddit,synthetic,PUBG,r/PUBATTLEGROUNDS,comment,u/EllisTTV,2026-07-03T09:27:00,"Anti-cheat needs a total overhaul, ESP hackers every other match on Erangel",bug/cheating complaints,-1,73,0,
30,Reddit,synthetic,PUBG,r/PUBATTLEGROUNDS,comment,u/Jordan_gg,2026-07-18T01:47:00,Didn't expect to enjoy a superhero collab in PUBG but here we are,crossover hype,1,85,0,
31,Reddit,synthetic,PUBG,r/PUBATTLEGROUNDS,comment,u/Finley99,2026-07-28T16:10:00,"Coming back after 2 years, the gunplay still feels the best in the genre",nostalgia,1,19,0,
32,Reddit,synthetic,PUBG,r/PUBATTLEGROUNDS,comment,u/Emerson_plays,2026-07-17T07:25:00,The Spider-Man crossover skins actually look really good this time,crossover hype,1,35,0,
33,Reddit,synthetic,PUBG,r/PUBATTLEGROUNDS,comment,u/Finley_yt,2026-06-30T21:37:00,"Still can't believe this game holds up in 2026, the OG BR experience",nostalgia,1,149,0,
34,Reddit,synthetic,PUBG,r/PUBATTLEGROUNDS,comment,u/Morgan_vibes,2026-06-24T07:16:00,Queue times on Miramar are getting rough during off-peak hours,matchmaking/queue,-1,52,0,
35,Reddit,synthetic,PUBG,r/PUBATTLEGROUNDS,comment,u/Kai88,2026-07-22T02:00:00,Battle pass grind takes way too long unless you buy XP boosts,monetization,-1,60,0,
36,Reddit,synthetic,PUBG,r/PUBATTLEGROUNDS,comment,u/Sam_plays,2026-07-06T08:08:00,"Ran into another obvious wallhacker in ranked, report system does nothing",bug/cheating complaints,-1,46,0,
37,Reddit,synthetic,PUBG,r/PUBATTLEGROUNDS,comment,u/Finley_gg,2026-07-19T09:39:00,"Matchmaking keeps putting solo players against premade squads, feels unfair",matchmaking/queue,-1,85,0,
38,Reddit,synthetic,PUBG,r/PUBATTLEGROUNDS,comment,u/Casey_x,2026-06-10T04:16:00,Battle pass grind takes way too long unless you buy XP boosts,monetization,-1,16,0,
39,Reddit,synthetic,PUBG,r/PUBATTLEGROUNDS,comment,u/Finley_dev,2026-07-19T10:13:00,"Still can't believe this game holds up in 2026, the OG BR experience",nostalgia,1,72,0,
40,Reddit,synthetic,PUBG,r/PUBATTLEGROUNDS,comment,u/Morgan_vibes,2026-07-16T01:00:00,Queue times on Miramar are getting rough during off-peak hours,matchmaking/queue,-1,44,0,
41,Reddit,synthetic,PUBG,r/PUBATTLEGROUNDS,comment,u/Alex99,2026-07-09T22:27:00,Queue times on Miramar are getting rough during off-peak hours,matchmaking/queue,-1,73,0,
42,Reddit,synthetic,PUBG,r/PUBATTLEGROUNDS,comment,u/Emerson_lol,2026-07-08T01:53:00,"Hit reg has been awful since the last patch, dying behind walls",bug/cheating complaints,-1,49,0,
43,Reddit,synthetic,PUBG,r/PUBATTLEGROUNDS,comment,u/Casey_yt,2026-07-14T11:13:00,Didn't expect to enjoy a superhero collab in PUBG but here we are,crossover hype,1,68,0,
44,Reddit,synthetic,PUBG,r/PUBATTLEGROUNDS,comment,u/Riley07,2026-07-21T04:59:00,"Coming back after 2 years, the gunplay still feels the best in the genre",nostalgia,1,65,0,
45,Reddit,synthetic,PUBG,r/PUBATTLEGROUNDS,comment,u/AveryTTV,2026-06-25T13:51:00,Didn't expect to enjoy a superhero collab in PUBG but here we are,crossover hype,1,68,0,
46,Reddit,synthetic,PUBG,r/PUBATTLEGROUNDS,comment,u/Rowan_yt,2026-06-06T15:14:00,"Crate prices keep creeping up, this used to be a lot more generous",monetization,-1,27,0,
47,Reddit,synthetic,PUBG,r/PUBATTLEGROUNDS,comment,u/Avery_yt,2026-06-29T10:17:00,Queue times on Miramar are getting rough during off-peak hours,matchmaking/queue,-1,10,0,
48,Reddit,synthetic,PUBG,r/PUBATTLEGROUNDS,comment,u/Caseyxo,2026-07-27T17:21:00,Battle pass grind takes way too long unless you buy XP boosts,monetization,-1,5,0,
49,Reddit,synthetic,PUBG,r/PUBATTLEGROUNDS,comment,u/Reese_x,2026-06-20T01:06:00,"New collab event has decent rewards for once, actually worth the grind",crossover hype,1,116,0,
50,Reddit,synthetic,PUBG,r/PUBATTLEGROUNDS,comment,u/Taylorxo,2026-07-06T03:24:00,"Matchmaking keeps putting solo players against premade squads, feels unfair",matchmaking/queue,-1,75,0,
51,Reddit,synthetic,PUBG,r/PUBATTLEGROUNDS,comment,u/Taylor_yt,2026-07-07T17:43:00,"Hit reg has been awful since the last patch, dying behind walls",bug/cheating complaints,-1,87,0,
52,Reddit,synthetic,PUBG,r/PUBATTLEGROUNDS,comment,u/Quinn_lol,2026-06-25T19:20:00,Xeno Point mode is a fun change of pace but wears thin after a few rounds,mode feedback,0,8,0,
53,Reddit,synthetic,PUBG,r/PUBATTLEGROUNDS,comment,u/Blair_vibes,2026-07-09T04:12:00,"Matchmaking keeps putting solo players against premade squads, feels unfair",matchmaking/queue,-1,55,0,
54,Reddit,synthetic,PUBG,r/PUBATTLEGROUNDS,comment,u/Quinnxo,2026-06-23T12:35:00,"Crate prices keep creeping up, this used to be a lot more generous",monetization,-1,2,0,
55,Reddit,synthetic,PUBG,r/PUBATTLEGROUNDS,comment,u/Rowan_dev,2026-07-12T20:20:00,Didn't expect to enjoy a superhero collab in PUBG but here we are,crossover hype,1,124,0,
56,Reddit,synthetic,PUBG,r/PUBATTLEGROUNDS,comment,u/Samxo,2026-07-24T23:10:00,"Crate prices keep creeping up, this used to be a lot more generous",monetization,-1,86,0,
57,Reddit,synthetic,PUBG,r/PUBATTLEGROUNDS,comment,u/TaylorTTV,2026-06-19T21:19:00,"Coming back after 2 years, the gunplay still feels the best in the genre",nostalgia,1,62,0,
58,Discord,synthetic,PUBG,PUBG Official (unofficial fan),message,Emerson_plays,2026-07-13T02:29:00,"Ran into another obvious wallhacker in ranked, report system does nothing",bug/cheating complaints,-1,13,0,
59,Discord,synthetic,PUBG,PUBG Official (unofficial fan),message,Alex07,2026-06-19T04:41:00,Battle pass grind takes way too long unless you buy XP boosts,monetization,-1,22,0,
60,Discord,synthetic,PUBG,PUBG Official (unofficial fan),message,Sage_plays,2026-07-18T16:29:00,"Anti-cheat needs a total overhaul, ESP hackers every other match on Erangel",bug/cheating complaints,-1,1,0,
61,Discord,synthetic,PUBG,PUBG Official (unofficial fan),message,Rowan88,2026-07-18T17:38:00,"Anti-cheat needs a total overhaul, ESP hackers every other match on Erangel",bug/cheating complaints,-1,10,0,
62,Discord,synthetic,PUBG,PUBG Official (unofficial fan),message,Ellis_dev,2026-07-09T14:57:00,Battle pass grind takes way too long unless you buy XP boosts,monetization,-1,5,0,
63,Discord,synthetic,PUBG,PUBG Official (unofficial fan),message,Drewxo,2026-06-21T16:31:00,Queue times on Miramar are getting rough during off-peak hours,matchmaking/queue,-1,20,0,
64,Discord,synthetic,PUBG,PUBG Official (unofficial fan),message,Sage99,2026-06-19T08:21:00,Xeno Point mode is a fun change of pace but wears thin after a few rounds,mode feedback,0,5,0,
65,Discord,synthetic,PUBG,PUBG Official (unofficial fan),message,Hayden_yt,2026-07-19T06:04:00,The Spider-Man crossover skins actually look really good this time,crossover hype,1,13,0,
66,Discord,synthetic,PUBG,PUBG Official (unofficial fan),message,Emerson_x,2026-06-17T13:24:00,"Coming back after 2 years, the gunplay still feels the best in the genre",nostalgia,1,24,0,
67,Discord,synthetic,PUBG,PUBG Official (unofficial fan),message,Blair_og,2026-06-04T11:19:00,"Hit reg has been awful since the last patch, dying behind walls",bug/cheating complaints,-1,24,0,
68,Discord,synthetic,PUBG,PUBG Official (unofficial fan),message,Blair_yt,2026-06-21T13:31:00,Xeno Point mode is a fun change of pace but wears thin after a few rounds,mode feedback,0,0,0,
69,Discord,synthetic,PUBG,PUBG Official (unofficial fan),message,Kai_lol,2026-07-27T14:58:00,Battle pass grind takes way too long unless you buy XP boosts,monetization,-1,4,0,
70,Discord,synthetic,PUBG,PUBG Official (unofficial fan),message,HaydenTTV,2026-07-16T00:05:00,"Anti-cheat needs a total overhaul, ESP hackers every other match on Erangel",bug/cheating complaints,-1,20,0,
71,Discord,synthetic,PUBG,PUBG Official (unofficial fan),message,Blairxo,2026-07-15T14:20:00,Xeno Point mode is a fun change of pace but wears thin after a few rounds,mode feedback,0,5,0,
72,Discord,synthetic,PUBG,PUBG Official (unofficial fan),message,Jordan_yt,2026-07-04T00:47:00,"New game mode is fine, wish it had its own separate ranked ladder",mode feedback,0,8,0,
73,Discord,synthetic,PUBG,PUBG Official (unofficial fan),message,Alex88,2026-06-06T00:15:00,"New collab event has decent rewards for once, actually worth the grind",crossover hype,1,6,0,
74,Discord,synthetic,PUBG,PUBG Official (unofficial fan),message,Avery07,2026-07-10T06:29:00,The Spider-Man crossover skins actually look really good this time,crossover hype,1,22,0,
75,Discord,synthetic,PUBG,PUBG Official (unofficial fan),message,Rileyxo,2026-07-21T22:07:00,Queue times on Miramar are getting rough during off-peak hours,matchmaking/queue,-1,24,0,
76,Discord,synthetic,PUBG,PUBG Official (unofficial fan),message,Sam88,2026-07-17T12:45:00,"Hit reg has been awful since the last patch, dying behind walls",bug/cheating complaints,-1,6,0,
77,Discord,synthetic,PUBG,PUBG Official (unofficial fan),message,Casey07,2026-07-28T21:38:00,"Crate prices keep creeping up, this used to be a lot more generous",monetization,-1,25,0,
78,Discord,synthetic,PUBG,PUBG Official (unofficial fan),message,Skyler_gg,2026-07-16T02:32:00,"Still can't believe this game holds up in 2026, the OG BR experience",nostalgia,1,20,0,
79,Discord,synthetic,PUBG,PUBG Official (unofficial fan),message,HaydenTTV,2026-07-14T14:45:00,"New game mode is fine, wish it had its own separate ranked ladder",mode feedback,0,2,0,
80,Discord,synthetic,PUBG,PUBG Official (unofficial fan),message,Emersonxo,2026-07-08T15:29:00,Battle pass grind takes way too long unless you buy XP boosts,monetization,-1,13,0,
81,Discord,synthetic,PUBG,PUBG Official (unofficial fan),message,Drew07,2026-06-09T08:56:00,Queue times on Miramar are getting rough during off-peak hours,matchmaking/queue,-1,14,0,
82,Discord,synthetic,PUBG,PUBG Official (unofficial fan),message,Reese07,2026-07-16T05:31:00,"New game mode is fine, wish it had its own separate ranked ladder",mode feedback,0,3,0,
83,Discord,synthetic,PUBG,PUBG Official (unofficial fan),message,Finley_plays,2026-07-30T08:35:00,"Matchmaking keeps putting solo players against premade squads, feels unfair",matchmaking/queue,-1,0,0,
84,Discord,synthetic,PUBG,PUBG Official (unofficial fan),message,Ellis_vibes,2026-07-05T17:48:00,"Ran into another obvious wallhacker in ranked, report system does nothing",bug/cheating complaints,-1,7,0,
85,Discord,synthetic,PUBG,PUBG Official (unofficial fan),message,Blair_x,2026-06-05T02:18:00,Battle pass grind takes way too long unless you buy XP boosts,monetization,-1,7,0,
86,Reddit,synthetic,Once Human,r/OnceHumanGame,post,u/Reese_x,2026-07-07T11:27:00,"Losing my base every reset season is exhausting, wish there was a permanent server",server/season fatigue,-1,391,84,
87,Reddit,synthetic,Once Human,r/OnceHumanGame,post,u/Riley_plays,2026-07-22T10:07:00,"Spent 6 hours just decorating my base, this system is so addictive",build/base building praise,1,800,168,
88,Reddit,synthetic,Once Human,r/OnceHumanGame,post,u/Taylorxo,2026-07-22T16:38:00,Cash shop prices for cosmetics are honestly kind of insane for a survival game,monetization/gacha,-1,154,52,
89,Reddit,synthetic,Once Human,r/OnceHumanGame,post,u/Sagexo,2026-07-25T04:17:00,Cash shop prices for cosmetics are honestly kind of insane for a survival game,monetization/gacha,-1,33,11,
90,Reddit,synthetic,Once Human,r/OnceHumanGame,post,u/Quinn_dev,2026-07-22T15:06:00,"Getting disconnected mid-boss fight twice this week, lost all my loot",bugs,-1,456,24,
91,Reddit,synthetic,Once Human,r/OnceHumanGame,post,u/Ellis99,2026-06-20T15:07:00,"Spent 6 hours just decorating my base, this system is so addictive",build/base building praise,1,881,61,
92,Reddit,synthetic,Once Human,r/OnceHumanGame,post,u/Hayden88,2026-06-23T02:15:00,Anyone know if the console version gets the same seasonal content day one?,new content questions,0,35,7,
93,Reddit,synthetic,Once Human,r/OnceHumanGame,post,u/Emerson22,2026-06-28T14:58:00,Anyone know if the console version gets the same seasonal content day one?,new content questions,0,118,16,
94,Reddit,synthetic,Once Human,r/OnceHumanGame,post,u/Avery_vibes,2026-07-21T03:48:00,Server wipes every season are rough if you don't no-life the game,server/season fatigue,-1,116,27,
95,Reddit,synthetic,Once Human,r/OnceHumanGame,post,u/Ellisxo,2026-06-14T00:26:00,"Finally, console launch is confirmed, been waiting since the PC release",console launch anticipation,1,501,128,
96,Reddit,synthetic,Once Human,r/OnceHumanGame,post,u/Emerson_vibes,2026-07-24T02:43:00,"Finally, console launch is confirmed, been waiting since the PC release",console launch anticipation,1,279,91,
97,Reddit,synthetic,Once Human,r/OnceHumanGame,post,u/Riley07,2026-07-22T08:52:00,Cash shop prices for cosmetics are honestly kind of insane for a survival game,monetization/gacha,-1,82,5,
98,Reddit,synthetic,Once Human,r/OnceHumanGame,post,u/Avery_lol,2026-07-03T22:19:00,"Losing my base every reset season is exhausting, wish there was a permanent server",server/season fatigue,-1,368,62,
99,Reddit,synthetic,Once Human,r/OnceHumanGame,post,u/Kaixo,2026-07-12T01:56:00,Is the mobile version worth it or does it feel like a downgrade from PC?,new content questions,0,115,31,
100,Reddit,synthetic,Once Human,r/OnceHumanGame,post,u/Avery88,2026-07-29T18:37:00,"Finally, console launch is confirmed, been waiting since the PC release",console launch anticipation,1,61,21,
101,Reddit,synthetic,Once Human,r/OnceHumanGame,post,u/Emerson22,2026-07-15T14:58:00,"Finally, console launch is confirmed, been waiting since the PC release",console launch anticipation,1,324,33,
102,Reddit,synthetic,Once Human,r/OnceHumanGame,post,u/Casey_og,2026-07-04T11:26:00,Deviant pathing is still broken in the new map area,bugs,-1,180,26,
103,Reddit,synthetic,Once Human,r/OnceHumanGame,post,u/Sage_gg,2026-07-05T09:42:00,Cash shop prices for cosmetics are honestly kind of insane for a survival game,monetization/gacha,-1,493,83,
104,Reddit,synthetic,Once Human,r/OnceHumanGame,post,u/Sage_dev,2026-07-24T16:52:00,Base building in this game is genuinely some of the best in the genre,build/base building praise,1,41,10,
105,Reddit,synthetic,Once Human,r/OnceHumanGame,post,u/Avery_lol,2026-07-24T20:28:00,Base building in this game is genuinely some of the best in the genre,build/base building praise,1,818,53,
106,Reddit,synthetic,Once Human,r/OnceHumanGame,post,u/Kai07,2026-07-18T15:07:00,Cash shop prices for cosmetics are honestly kind of insane for a survival game,monetization/gacha,-1,24,8,
107,Reddit,synthetic,Once Human,r/OnceHumanGame,post,u/Rowan99,2026-07-24T02:14:00,"The gacha weapon system is getting predatory, pulls are brutal value",monetization/gacha,-1,440,142,
108,Reddit,synthetic,Once Human,r/OnceHumanGame,post,u/Ellis_dev,2026-07-19T09:32:00,"Getting disconnected mid-boss fight twice this week, lost all my loot",bugs,-1,371,48,
109,Reddit,synthetic,Once Human,r/OnceHumanGame,comment,u/Samxo,2026-07-12T16:47:00,Base building in this game is genuinely some of the best in the genre,build/base building praise,1,39,0,
110,Reddit,synthetic,Once Human,r/OnceHumanGame,comment,u/Quinn_x,2026-07-06T08:52:00,"Spent 6 hours just decorating my base, this system is so addictive",build/base building praise,1,5,0,
111,Reddit,synthetic,Once Human,r/OnceHumanGame,comment,u/Skyler_lol,2026-07-02T17:30:00,"Losing my base every reset season is exhausting, wish there was a permanent server",server/season fatigue,-1,46,0,
112,Reddit,synthetic,Once Human,r/OnceHumanGame,comment,u/Emerson22,2026-06-24T06:44:00,Is the mobile version worth it or does it feel like a downgrade from PC?,new content questions,0,16,0,
113,Reddit,synthetic,Once Human,r/OnceHumanGame,comment,u/Morgan_dev,2026-07-19T12:24:00,Cash shop prices for cosmetics are honestly kind of insane for a survival game,monetization/gacha,-1,86,0,
114,Reddit,synthetic,Once Human,r/OnceHumanGame,comment,u/Rowan99,2026-07-11T10:55:00,"Finally, console launch is confirmed, been waiting since the PC release",console launch anticipation,1,30,0,
115,Reddit,synthetic,Once Human,r/OnceHumanGame,comment,u/Skyler88,2026-07-22T02:30:00,Is the mobile version worth it or does it feel like a downgrade from PC?,new content questions,0,17,0,
116,Reddit,synthetic,Once Human,r/OnceHumanGame,comment,u/Sage22,2026-07-28T10:54:00,Deviant pathing is still broken in the new map area,bugs,-1,88,0,
117,Reddit,synthetic,Once Human,r/OnceHumanGame,comment,u/Quinn_plays,2026-06-06T19:04:00,"Losing my base every reset season is exhausting, wish there was a permanent server",server/season fatigue,-1,32,0,
118,Reddit,synthetic,Once Human,r/OnceHumanGame,comment,u/RowanTTV,2026-06-10T20:45:00,"Getting disconnected mid-boss fight twice this week, lost all my loot",bugs,-1,14,0,
119,Reddit,synthetic,Once Human,r/OnceHumanGame,comment,u/Quinn_yt,2026-06-06T10:50:00,Deviant pathing is still broken in the new map area,bugs,-1,9,0,
120,Reddit,synthetic,Once Human,r/OnceHumanGame,comment,u/RileyTTV,2026-07-25T21:50:00,"Losing my base every reset season is exhausting, wish there was a permanent server",server/season fatigue,-1,25,0,
121,Reddit,synthetic,Once Human,r/OnceHumanGame,comment,u/EmersonTTV,2026-07-13T21:15:00,"Two years of waiting and it's finally coming to PS5, worth it",console launch anticipation,1,132,0,
122,Reddit,synthetic,Once Human,r/OnceHumanGame,comment,u/Rowanxo,2026-07-03T08:42:00,Cash shop prices for cosmetics are honestly kind of insane for a survival game,monetization/gacha,-1,3,0,
123,Reddit,synthetic,Once Human,r/OnceHumanGame,comment,u/Avery_dev,2026-07-11T09:40:00,"Getting disconnected mid-boss fight twice this week, lost all my loot",bugs,-1,56,0,
124,Reddit,synthetic,Once Human,r/OnceHumanGame,comment,u/Blair88,2026-07-28T15:06:00,Server wipes every season are rough if you don't no-life the game,server/season fatigue,-1,32,0,
125,Reddit,synthetic,Once Human,r/OnceHumanGame,comment,u/Blairxo,2026-06-22T00:53:00,"Losing my base every reset season is exhausting, wish there was a permanent server",server/season fatigue,-1,86,0,
126,Reddit,synthetic,Once Human,r/OnceHumanGame,comment,u/Quinn07,2026-07-23T23:03:00,"Two years of waiting and it's finally coming to PS5, worth it",console launch anticipation,1,132,0,
127,Reddit,synthetic,Once Human,r/OnceHumanGame,comment,u/Morgan_vibes,2026-07-23T21:48:00,Cash shop prices for cosmetics are honestly kind of insane for a survival game,monetization/gacha,-1,86,0,
128,Reddit,synthetic,Once Human,r/OnceHumanGame,comment,u/Morgan99,2026-06-23T14:02:00,"Two years of waiting and it's finally coming to PS5, worth it",console launch anticipation,1,98,0,
129,Reddit,synthetic,Once Human,r/OnceHumanGame,comment,u/Reese_lol,2026-06-15T06:08:00,"Losing my base every reset season is exhausting, wish there was a permanent server",server/season fatigue,-1,71,0,
130,Reddit,synthetic,Once Human,r/OnceHumanGame,comment,u/Skyler07,2026-06-20T15:51:00,Is the mobile version worth it or does it feel like a downgrade from PC?,new content questions,0,19,0,
131,Reddit,synthetic,Once Human,r/OnceHumanGame,comment,u/Sage_yt,2026-06-13T07:55:00,"So hyped for Aug 25, controller support better be tight though",console launch anticipation,1,106,0,
132,Reddit,synthetic,Once Human,r/OnceHumanGame,comment,u/Emerson22,2026-07-24T11:43:00,"So hyped for Aug 25, controller support better be tight though",console launch anticipation,1,72,0,
133,Reddit,synthetic,Once Human,r/OnceHumanGame,comment,u/Skyler88,2026-07-21T19:56:00,Deviant pathing is still broken in the new map area,bugs,-1,73,0,
134,Reddit,synthetic,Once Human,r/OnceHumanGame,comment,u/Hayden99,2026-07-03T22:19:00,"The gacha weapon system is getting predatory, pulls are brutal value",monetization/gacha,-1,85,0,
135,Reddit,synthetic,Once Human,r/OnceHumanGame,comment,u/Drew_lol,2026-06-23T15:07:00,"The gacha weapon system is getting predatory, pulls are brutal value",monetization/gacha,-1,14,0,
136,Reddit,synthetic,Once Human,r/OnceHumanGame,comment,u/Hayden88,2026-07-16T23:44:00,Cash shop prices for cosmetics are honestly kind of insane for a survival game,monetization/gacha,-1,71,0,
137,Reddit,synthetic,Once Human,r/OnceHumanGame,comment,u/Kai22,2026-07-15T03:53:00,"Getting disconnected mid-boss fight twice this week, lost all my loot",bugs,-1,64,0,
138,Reddit,synthetic,Once Human,r/OnceHumanGame,comment,u/Reese99,2026-06-17T14:28:00,Server wipes every season are rough if you don't no-life the game,server/season fatigue,-1,32,0,
139,Reddit,synthetic,Once Human,r/OnceHumanGame,comment,u/Avery_plays,2026-07-15T11:03:00,Deviant pathing is still broken in the new map area,bugs,-1,52,0,
140,Reddit,synthetic,Once Human,r/OnceHumanGame,comment,u/DrewTTV,2026-07-25T00:03:00,"So hyped for Aug 25, controller support better be tight though",console launch anticipation,1,90,0,
141,Reddit,synthetic,Once Human,r/OnceHumanGame,comment,u/Skyler07,2026-06-17T18:13:00,Anyone know if the console version gets the same seasonal content day one?,new content questions,0,15,0,
142,Discord,synthetic,Once Human,Once Human Community,message,Casey_vibes,2026-06-12T17:16:00,Anyone know if the console version gets the same seasonal content day one?,new content questions,0,2,0,
143,Discord,synthetic,Once Human,Once Human Community,message,Rileyxo,2026-06-19T18:20:00,"Finally, console launch is confirmed, been waiting since the PC release",console launch anticipation,1,0,0,
144,Discord,synthetic,Once Human,Once Human Community,message,Ellis_dev,2026-07-07T03:47:00,"Finally, console launch is confirmed, been waiting since the PC release",console launch anticipation,1,2,0,
145,Discord,synthetic,Once Human,Once Human Community,message,Finleyxo,2026-06-18T19:02:00,Server wipes every season are rough if you don't no-life the game,server/season fatigue,-1,23,0,
146,Discord,synthetic,Once Human,Once Human Community,message,Ellis_x,2026-07-24T13:43:00,Base building in this game is genuinely some of the best in the genre,build/base building praise,1,3,0,
147,Discord,synthetic,Once Human,Once Human Community,message,Morganxo,2026-06-24T19:09:00,Base building in this game is genuinely some of the best in the genre,build/base building praise,1,2,0,
148,Discord,synthetic,Once Human,Once Human Community,message,Finley88,2026-07-12T16:18:00,Is the mobile version worth it or does it feel like a downgrade from PC?,new content questions,0,7,0,
149,Discord,synthetic,Once Human,Once Human Community,message,Sage_x,2026-06-11T20:41:00,Base building in this game is genuinely some of the best in the genre,build/base building praise,1,24,0,
150,Discord,synthetic,Once Human,Once Human Community,message,Blair22,2026-06-18T13:21:00,Cash shop prices for cosmetics are honestly kind of insane for a survival game,monetization/gacha,-1,14,0,
151,Discord,synthetic,Once Human,Once Human Community,message,Ellis99,2026-07-23T11:09:00,"Getting disconnected mid-boss fight twice this week, lost all my loot",bugs,-1,21,0,
152,Discord,synthetic,Once Human,Once Human Community,message,Emerson_lol,2026-07-23T04:35:00,"Finally, console launch is confirmed, been waiting since the PC release",console launch anticipation,1,1,0,
153,Discord,synthetic,Once Human,Once Human Community,message,Jordanxo,2026-06-30T11:55:00,Is the mobile version worth it or does it feel like a downgrade from PC?,new content questions,0,6,0,
154,Discord,synthetic,Once Human,Once Human Community,message,Ellis_plays,2026-07-10T16:13:00,Is the mobile version worth it or does it feel like a downgrade from PC?,new content questions,0,2,0,
155,Discord,synthetic,Once Human,Once Human Community,message,Emerson_plays,2026-06-27T03:48:00,"So hyped for Aug 25, controller support better be tight though",console launch anticipation,1,8,0,
156,Discord,synthetic,Once Human,Once Human Community,message,Rileyxo,2026-07-16T22:17:00,Base building in this game is genuinely some of the best in the genre,build/base building praise,1,0,0,
157,Discord,synthetic,Once Human,Once Human Community,message,Emerson_vibes,2026-06-26T00:11:00,Deviant pathing is still broken in the new map area,bugs,-1,4,0,
158,Discord,synthetic,Once Human,Once Human Community,message,Taylor22,2026-06-05T02:47:00,Base building in this game is genuinely some of the best in the genre,build/base building praise,1,16,0,
159,Discord,synthetic,Once Human,Once Human Community,message,JordanTTV,2026-07-23T18:38:00,"Spent 6 hours just decorating my base, this system is so addictive",build/base building praise,1,2,0,
160,Discord,synthetic,Once Human,Once Human Community,message,Ellis88,2026-06-21T14:42:00,"The gacha weapon system is getting predatory, pulls are brutal value",monetization/gacha,-1,13,0,
161,Discord,synthetic,Once Human,Once Human Community,message,Quinn_vibes,2026-06-11T11:27:00,"Spent 6 hours just decorating my base, this system is so addictive",build/base building praise,1,3,0,
162,Discord,synthetic,Once Human,Once Human Community,message,Kai_gg,2026-06-23T01:14:00,Deviant pathing is still broken in the new map area,bugs,-1,12,0,
163,Discord,synthetic,Once Human,Once Human Community,message,Casey_gg,2026-07-22T08:18:00,"Finally, console launch is confirmed, been waiting since the PC release",console launch anticipation,1,10,0,
164,Discord,synthetic,Once Human,Once Human Community,message,Reese99,2026-07-22T16:35:00,"Spent 6 hours just decorating my base, this system is so addictive",build/base building praise,1,21,0,
165,Discord,synthetic,Once Human,Once Human Community,message,Emerson22,2026-07-03T02:55:00,Base building in this game is genuinely some of the best in the genre,build/base building praise,1,10,0,
166,Discord,synthetic,Once Human,Once Human Community,message,Alex_yt,2026-06-30T09:07:00,Is the mobile version worth it or does it feel like a downgrade from PC?,new content questions,0,6,0,
167,Discord,synthetic,Once Human,Once Human Community,message,Drew22,2026-06-27T02:27:00,Cash shop prices for cosmetics are honestly kind of insane for a survival game,monetization/gacha,-1,3,0,
168,Discord,synthetic,Once Human,Once Human Community,message,Drew_yt,2026-06-29T09:47:00,Is the mobile version worth it or does it feel like a downgrade from PC?,new content questions,0,5,0,
169,Discord,synthetic,Once Human,Once Human Community,message,Reese_yt,2026-06-11T16:32:00,"The gacha weapon system is getting predatory, pulls are brutal value",monetization/gacha,-1,6,0,
170,Discord,synthetic,Once Human,Once Human Community,message,SamTTV,2026-07-22T05:38:00,"Getting disconnected mid-boss fight twice this week, lost all my loot",bugs,-1,4,0,
171,Discord,synthetic,Once Human,Once Human Community,message,Emerson_vibes,2026-07-10T18:28:00,Deviant pathing is still broken in the new map area,bugs,-1,21,0,
172,Reddit,synthetic,Marvel Rivals,r/marvelrivals,post,u/Rowan_vibes,2026-07-14T10:09:00,One-trick counter picks are ruining competitive integrity right now,ranked complaints,-1,235,16,
173,Reddit,synthetic,Marvel Rivals,r/marvelrivals,post,u/Jordan_gg,2026-06-26T16:04:00,"Matchmaking keeps stacking smurfs against new accounts, terrible experience",netcode/matchmaking,-1,168,31,
174,Reddit,synthetic,Marvel Rivals,r/marvelrivals,post,u/Rowan88,2026-07-28T02:39:00,"Matchmaking keeps stacking smurfs against new accounts, terrible experience",netcode/matchmaking,-1,314,63,
175,Reddit,synthetic,Marvel Rivals,r/marvelrivals,post,u/Ellis_lol,2026-07-25T18:41:00,Rank reset this season feels way too punishing compared to last one,ranked complaints,-1,106,15,
176,Reddit,synthetic,Marvel Rivals,r/marvelrivals,post,u/Riley_gg,2026-07-25T10:45:00,"Jubilee's kit looks so much fun, finally a mobility duelist done right",new character hype,1,126,25,
177,Reddit,synthetic,Marvel Rivals,r/marvelrivals,post,u/Quinn22,2026-07-07T16:39:00,"Season 9 roster additions are genuinely creative, love the character design work",new character hype,1,202,32,
178,Reddit,synthetic,Marvel Rivals,r/marvelrivals,post,u/Casey_lol,2026-06-07T20:41:00,Would love to see an X-Men themed map added with the new roster additions,comic/crossover speculation,0,90,6,
179,Reddit,synthetic,Marvel Rivals,r/marvelrivals,post,u/Emerson_vibes,2026-07-16T19:55:00,Movement tech in this game keeps it feeling fresh months after launch,praise,1,193,28,
180,Reddit,synthetic,Marvel Rivals,r/marvelrivals,post,u/Samxo,2026-07-16T12:08:00,"Season 9 roster additions are genuinely creative, love the character design work",new character hype,1,649,170,
181,Reddit,synthetic,Marvel Rivals,r/marvelrivals,post,u/Finley99,2026-06-25T04:42:00,One-trick counter picks are ruining competitive integrity right now,ranked complaints,-1,369,110,
182,Reddit,synthetic,Marvel Rivals,r/marvelrivals,post,u/Skyler07,2026-06-05T11:19:00,Movement tech in this game keeps it feeling fresh months after launch,praise,1,224,75,
183,Reddit,synthetic,Marvel Rivals,r/marvelrivals,post,u/Sage_og,2026-07-07T09:54:00,"Calling it now, Ghost Rider gets announced next season",comic/crossover speculation,0,30,6,
184,Reddit,synthetic,Marvel Rivals,r/marvelrivals,post,u/RileyTTV,2026-07-30T19:08:00,"Best hero shooter to come out in years, the character variety is unmatched",praise,1,651,106,
185,Reddit,synthetic,Marvel Rivals,r/marvelrivals,post,u/Rowan88,2026-06-06T13:23:00,"Best hero shooter to come out in years, the character variety is unmatched",praise,1,732,194,
186,Reddit,synthetic,Marvel Rivals,r/marvelrivals,post,u/Rowan_dev,2026-07-10T06:23:00,"Matchmaking keeps stacking smurfs against new accounts, terrible experience",netcode/matchmaking,-1,357,119,
187,Reddit,synthetic,Marvel Rivals,r/marvelrivals,post,u/Morgan_og,2026-06-30T05:52:00,"Matchmaking keeps stacking smurfs against new accounts, terrible experience",netcode/matchmaking,-1,112,32,
188,Reddit,synthetic,Marvel Rivals,r/marvelrivals,post,u/Finley_og,2026-07-29T11:35:00,"Rubberbanding has gotten worse since the update, unplayable in ranked",netcode/matchmaking,-1,488,39,
189,Reddit,synthetic,Marvel Rivals,r/marvelrivals,post,u/Drew_og,2026-07-10T16:09:00,Whoever buffed that duelist needs to actually play the game before shipping changes,balance patch reaction,-1,435,78,
190,Reddit,synthetic,Marvel Rivals,r/marvelrivals,post,u/Blair99,2026-06-30T01:25:00,Would love to see an X-Men themed map added with the new roster additions,comic/crossover speculation,0,133,21,
191,Reddit,synthetic,Marvel Rivals,r/marvelrivals,post,u/Morgan_gg,2026-07-27T22:41:00,"Rubberbanding has gotten worse since the update, unplayable in ranked",netcode/matchmaking,-1,181,52,
192,Reddit,synthetic,Marvel Rivals,r/marvelrivals,post,u/Sam_gg,2026-06-12T22:30:00,"Matchmaking keeps stacking smurfs against new accounts, terrible experience",netcode/matchmaking,-1,239,56,
193,Reddit,synthetic,Marvel Rivals,r/marvelrivals,post,u/Quinn_plays,2026-07-09T23:38:00,"Rubberbanding has gotten worse since the update, unplayable in ranked",netcode/matchmaking,-1,280,49,
194,Reddit,synthetic,Marvel Rivals,r/marvelrivals,post,u/Ellis88,2026-07-11T14:04:00,"Rubberbanding has gotten worse since the update, unplayable in ranked",netcode/matchmaking,-1,66,19,
195,Reddit,synthetic,Marvel Rivals,r/marvelrivals,post,u/Alex88,2026-07-10T07:45:00,Rank reset this season feels way too punishing compared to last one,ranked complaints,-1,83,11,
196,Reddit,synthetic,Marvel Rivals,r/marvelrivals,post,u/Reese99,2026-06-15T21:42:00,"Rubberbanding has gotten worse since the update, unplayable in ranked",netcode/matchmaking,-1,53,10,
197,Reddit,synthetic,Marvel Rivals,r/marvelrivals,post,u/Avery_x,2026-07-04T01:40:00,Rank reset this season feels way too punishing compared to last one,ranked complaints,-1,208,71,
198,Reddit,synthetic,Marvel Rivals,r/marvelrivals,post,u/Emerson_x,2026-06-26T07:46:00,Whoever buffed that duelist needs to actually play the game before shipping changes,balance patch reaction,-1,346,82,
199,Reddit,synthetic,Marvel Rivals,r/marvelrivals,comment,u/Ellis_vibes,2026-06-25T20:11:00,"Jubilee's kit looks so much fun, finally a mobility duelist done right",new character hype,1,123,0,
200,Reddit,synthetic,Marvel Rivals,r/marvelrivals,comment,u/Jordan07,2026-07-03T01:18:00,"Jubilee's kit looks so much fun, finally a mobility duelist done right",new character hype,1,56,0,
201,Reddit,synthetic,Marvel Rivals,r/marvelrivals,comment,u/Jordan07,2026-07-10T17:30:00,"Jubilee's kit looks so much fun, finally a mobility duelist done right",new character hype,1,69,0,
202,Reddit,synthetic,Marvel Rivals,r/marvelrivals,comment,u/Casey07,2026-06-07T20:21:00,"Best hero shooter to come out in years, the character variety is unmatched",praise,1,74,0,
203,Reddit,synthetic,Marvel Rivals,r/marvelrivals,comment,u/SkylerTTV,2026-07-21T14:57:00,"Matchmaking keeps stacking smurfs against new accounts, terrible experience",netcode/matchmaking,-1,51,0,
204,Reddit,synthetic,Marvel Rivals,r/marvelrivals,comment,u/Hayden99,2026-07-25T16:17:00,Would love to see an X-Men themed map added with the new roster additions,comic/crossover speculation,0,6,0,
205,Reddit,synthetic,Marvel Rivals,r/marvelrivals,comment,u/Quinnxo,2026-06-24T03:05:00,"Calling it now, Ghost Rider gets announced next season",comic/crossover speculation,0,21,0,
206,Reddit,synthetic,Marvel Rivals,r/marvelrivals,comment,u/Kai22,2026-07-10T01:46:00,Would love to see an X-Men themed map added with the new roster additions,comic/crossover speculation,0,23,0,
207,Reddit,synthetic,Marvel Rivals,r/marvelrivals,comment,u/Riley_gg,2026-06-27T16:51:00,"Rubberbanding has gotten worse since the update, unplayable in ranked",netcode/matchmaking,-1,88,0,
208,Reddit,synthetic,Marvel Rivals,r/marvelrivals,comment,u/Jordan88,2026-07-09T11:24:00,"Season 9 roster additions are genuinely creative, love the character design work",new character hype,1,150,0,
209,Reddit,synthetic,Marvel Rivals,r/marvelrivals,comment,u/EmersonTTV,2026-06-27T14:48:00,"Season 9 roster additions are genuinely creative, love the character design work",new character hype,1,24,0,
210,Reddit,synthetic,Marvel Rivals,r/marvelrivals,comment,u/Alex_x,2026-07-15T08:15:00,One-trick counter picks are ruining competitive integrity right now,ranked complaints,-1,16,0,
211,Reddit,synthetic,Marvel Rivals,r/marvelrivals,comment,u/Rowan_plays,2026-07-09T03:16:00,"Season 9 roster additions are genuinely creative, love the character design work",new character hype,1,71,0,
212,Reddit,synthetic,Marvel Rivals,r/marvelrivals,comment,u/Sam_dev,2026-07-05T06:07:00,One-trick counter picks are ruining competitive integrity right now,ranked complaints,-1,19,0,
213,Reddit,synthetic,Marvel Rivals,r/marvelrivals,comment,u/Reese_x,2026-07-25T21:54:00,"Season 9 roster additions are genuinely creative, love the character design work",new character hype,1,86,0,
214,Reddit,synthetic,Marvel Rivals,r/marvelrivals,comment,u/Riley07,2026-07-28T05:45:00,Whoever buffed that duelist needs to actually play the game before shipping changes,balance patch reaction,-1,83,0,
215,Reddit,synthetic,Marvel Rivals,r/marvelrivals,comment,u/Alex_yt,2026-07-08T07:50:00,"Rubberbanding has gotten worse since the update, unplayable in ranked",netcode/matchmaking,-1,65,0,
216,Reddit,synthetic,Marvel Rivals,r/marvelrivals,comment,u/Samxo,2026-07-09T04:39:00,One-trick counter picks are ruining competitive integrity right now,ranked complaints,-1,13,0,
217,Reddit,synthetic,Marvel Rivals,r/marvelrivals,comment,u/SamTTV,2026-07-23T13:52:00,Would love to see an X-Men themed map added with the new roster additions,comic/crossover speculation,0,37,0,
218,Reddit,synthetic,Marvel Rivals,r/marvelrivals,comment,u/Sage_vibes,2026-07-17T16:22:00,"Rubberbanding has gotten worse since the update, unplayable in ranked",netcode/matchmaking,-1,18,0,
219,Reddit,synthetic,Marvel Rivals,r/marvelrivals,comment,u/Casey_lol,2026-06-12T13:32:00,Rank reset this season feels way too punishing compared to last one,ranked complaints,-1,9,0,
220,Reddit,synthetic,Marvel Rivals,r/marvelrivals,comment,u/Samxo,2026-07-08T11:33:00,"Season 9 roster additions are genuinely creative, love the character design work",new character hype,1,77,0,
221,Reddit,synthetic,Marvel Rivals,r/marvelrivals,comment,u/Emerson88,2026-07-11T02:32:00,"Season 9 roster additions are genuinely creative, love the character design work",new character hype,1,48,0,
222,Reddit,synthetic,Marvel Rivals,r/marvelrivals,comment,u/Jordan_og,2026-07-20T19:21:00,"Jubilee's kit looks so much fun, finally a mobility duelist done right",new character hype,1,149,0,
223,Reddit,synthetic,Marvel Rivals,r/marvelrivals,comment,u/Emerson22,2026-07-10T08:41:00,"This balance patch absolutely gutted my main, unplayable now",balance patch reaction,-1,28,0,
224,Reddit,synthetic,Marvel Rivals,r/marvelrivals,comment,u/Quinn_dev,2026-07-14T17:18:00,Rank reset this season feels way too punishing compared to last one,ranked complaints,-1,84,0,
225,Reddit,synthetic,Marvel Rivals,r/marvelrivals,comment,u/Ellis_dev,2026-07-07T05:28:00,"Season 9 roster additions are genuinely creative, love the character design work",new character hype,1,111,0,
226,Reddit,synthetic,Marvel Rivals,r/marvelrivals,comment,u/BlairTTV,2026-06-24T22:20:00,"Season 9 roster additions are genuinely creative, love the character design work",new character hype,1,93,0,
227,Reddit,synthetic,Marvel Rivals,r/marvelrivals,comment,u/Casey_gg,2026-07-09T14:15:00,"Rubberbanding has gotten worse since the update, unplayable in ranked",netcode/matchmaking,-1,20,0,
228,Reddit,synthetic,Marvel Rivals,r/marvelrivals,comment,u/Skyler88,2026-06-30T07:55:00,"Matchmaking keeps stacking smurfs against new accounts, terrible experience",netcode/matchmaking,-1,22,0,
229,Reddit,synthetic,Marvel Rivals,r/marvelrivals,comment,u/Ellis_gg,2026-07-11T14:31:00,Movement tech in this game keeps it feeling fresh months after launch,praise,1,83,0,
230,Reddit,synthetic,Marvel Rivals,r/marvelrivals,comment,u/Jordan_gg,2026-06-19T06:37:00,Whoever buffed that duelist needs to actually play the game before shipping changes,balance patch reaction,-1,47,0,
231,Reddit,synthetic,Marvel Rivals,r/marvelrivals,comment,u/Quinn_lol,2026-07-27T20:43:00,"Matchmaking keeps stacking smurfs against new accounts, terrible experience",netcode/matchmaking,-1,62,0,
232,Reddit,synthetic,Marvel Rivals,r/marvelrivals,comment,u/Blair_yt,2026-07-30T08:46:00,"This balance patch absolutely gutted my main, unplayable now",balance patch reaction,-1,48,0,
233,Reddit,synthetic,Marvel Rivals,r/marvelrivals,comment,u/Blair_lol,2026-06-27T17:18:00,Whoever buffed that duelist needs to actually play the game before shipping changes,balance patch reaction,-1,11,0,
234,Discord,synthetic,Marvel Rivals,Marvel Rivals Community,message,Morgan99,2026-07-13T21:39:00,One-trick counter picks are ruining competitive integrity right now,ranked complaints,-1,3,0,
235,Discord,synthetic,Marvel Rivals,Marvel Rivals Community,message,Taylor88,2026-06-25T17:23:00,Would love to see an X-Men themed map added with the new roster additions,comic/crossover speculation,0,2,0,
236,Discord,synthetic,Marvel Rivals,Marvel Rivals Community,message,Skyler07,2026-06-06T01:08:00,One-trick counter picks are ruining competitive integrity right now,ranked complaints,-1,22,0,
237,Discord,synthetic,Marvel Rivals,Marvel Rivals Community,message,Riley22,2026-06-12T10:59:00,Would love to see an X-Men themed map added with the new roster additions,comic/crossover speculation,0,5,0,
238,Discord,synthetic,Marvel Rivals,Marvel Rivals Community,message,Emersonxo,2026-07-06T16:34:00,One-trick counter picks are ruining competitive integrity right now,ranked complaints,-1,15,0,
239,Discord,synthetic,Marvel Rivals,Marvel Rivals Community,message,Alex88,2026-07-17T03:26:00,"Calling it now, Ghost Rider gets announced next season",comic/crossover speculation,0,4,0,
240,Discord,synthetic,Marvel Rivals,Marvel Rivals Community,message,Jordan88,2026-07-24T18:36:00,Would love to see an X-Men themed map added with the new roster additions,comic/crossover speculation,0,3,0,
241,Discord,synthetic,Marvel Rivals,Marvel Rivals Community,message,Morgan_og,2026-07-20T19:49:00,"Calling it now, Ghost Rider gets announced next season",comic/crossover speculation,0,6,0,
242,Discord,synthetic,Marvel Rivals,Marvel Rivals Community,message,Skyler22,2026-06-11T06:01:00,"Best hero shooter to come out in years, the character variety is unmatched",praise,1,14,0,
243,Discord,synthetic,Marvel Rivals,Marvel Rivals Community,message,Ellis_og,2026-06-30T16:49:00,"Season 9 roster additions are genuinely creative, love the character design work",new character hype,1,19,0,
244,Discord,synthetic,Marvel Rivals,Marvel Rivals Community,message,Ellis_lol,2026-07-07T06:35:00,"Best hero shooter to come out in years, the character variety is unmatched",praise,1,10,0,
245,Discord,synthetic,Marvel Rivals,Marvel Rivals Community,message,Reese_vibes,2026-07-03T17:21:00,Would love to see an X-Men themed map added with the new roster additions,comic/crossover speculation,0,8,0,
246,Discord,synthetic,Marvel Rivals,Marvel Rivals Community,message,Quinn_plays,2026-06-16T07:17:00,Movement tech in this game keeps it feeling fresh months after launch,praise,1,17,0,
247,Discord,synthetic,Marvel Rivals,Marvel Rivals Community,message,Ellis_yt,2026-07-18T22:31:00,"Matchmaking keeps stacking smurfs against new accounts, terrible experience",netcode/matchmaking,-1,10,0,
248,Discord,synthetic,Marvel Rivals,Marvel Rivals Community,message,Reese07,2026-07-08T12:57:00,One-trick counter picks are ruining competitive integrity right now,ranked complaints,-1,12,0,
249,Discord,synthetic,Marvel Rivals,Marvel Rivals Community,message,Avery_x,2026-06-09T11:59:00,"Season 9 roster additions are genuinely creative, love the character design work",new character hype,1,14,0,
250,Discord,synthetic,Marvel Rivals,Marvel Rivals Community,message,Casey88,2026-07-11T22:17:00,"Calling it now, Ghost Rider gets announced next season",comic/crossover speculation,0,2,0,
251,Discord,synthetic,Marvel Rivals,Marvel Rivals Community,message,Jordan99,2026-07-07T07:40:00,"Best hero shooter to come out in years, the character variety is unmatched",praise,1,7,0,
252,Discord,synthetic,Marvel Rivals,Marvel Rivals Community,message,Alex_lol,2026-06-10T21:49:00,Would love to see an X-Men themed map added with the new roster additions,comic/crossover speculation,0,2,0,
253,Discord,synthetic,Marvel Rivals,Marvel Rivals Community,message,Taylor07,2026-07-30T15:30:00,"Season 9 roster additions are genuinely creative, love the character design work",new character hype,1,20,0,
254,Discord,synthetic,Marvel Rivals,Marvel Rivals Community,message,Sage_x,2026-07-07T20:36:00,"Matchmaking keeps stacking smurfs against new accounts, terrible experience",netcode/matchmaking,-1,7,0,
255,Discord,synthetic,Marvel Rivals,Marvel Rivals Community,message,Jordan_og,2026-06-15T13:56:00,"Best hero shooter to come out in years, the character variety is unmatched",praise,1,5,0,
256,Discord,synthetic,Marvel Rivals,Marvel Rivals Community,message,Alexxo,2026-07-29T09:56:00,Would love to see an X-Men themed map added with the new roster additions,comic/crossover speculation,0,0,0,
257,Discord,synthetic,Marvel Rivals,Marvel Rivals Community,message,Sage_lol,2026-06-25T09:29:00,Rank reset this season feels way too punishing compared to last one,ranked complaints,-1,20,0,
258,Discord,synthetic,Marvel Rivals,Marvel Rivals Community,message,SkylerTTV,2026-07-03T08:12:00,"Calling it now, Ghost Rider gets announced next season",comic/crossover speculation,0,1,0,
259,Discord,synthetic,Marvel Rivals,Marvel Rivals Community,message,Skyler07,2026-07-19T05:00:00,Movement tech in this game keeps it feeling fresh months after launch,praise,1,23,0,
260,Discord,synthetic,Marvel Rivals,Marvel Rivals Community,message,Sam22,2026-06-29T13:32:00,"Rubberbanding has gotten worse since the update, unplayable in ranked",netcode/matchmaking,-1,10,0,
261,Discord,synthetic,Marvel Rivals,Marvel Rivals Community,message,Blair_plays,2026-07-09T07:00:00,"Best hero shooter to come out in years, the character variety is unmatched",praise,1,8,0,
262,Discord,synthetic,Marvel Rivals,Marvel Rivals Community,message,Avery_vibes,2026-06-23T18:46:00,Would love to see an X-Men themed map added with the new roster additions,comic/crossover speculation,0,0,0,
263,Discord,synthetic,Marvel Rivals,Marvel Rivals Community,message,Finley_x,2026-07-09T05:25:00,"Rubberbanding has gotten worse since the update, unplayable in ranked",netcode/matchmaking,-1,21,0,
264,Discord,synthetic,Marvel Rivals,Marvel Rivals Community,message,DrewTTV,2026-06-22T11:39:00,"Rubberbanding has gotten worse since the update, unplayable in ranked",netcode/matchmaking,-1,7,0,
265,Discord,synthetic,Marvel Rivals,Marvel Rivals Community,message,Ellis07,2026-07-12T11:26:00,"Calling it now, Ghost Rider gets announced next season",comic/crossover speculation,0,8,0,
266,Discord,synthetic,Marvel Rivals,Marvel Rivals Community,message,Sam_lol,2026-07-17T19:55:00,Rank reset this season feels way too punishing compared to last one,ranked complaints,-1,25,0,
267,Discord,synthetic,Marvel Rivals,Marvel Rivals Community,message,Taylor88,2026-06-07T17:57:00,Would love to see an X-Men themed map added with the new roster additions,comic/crossover speculation,0,8,0,
268,Discord,synthetic,Marvel Rivals,Marvel Rivals Community,message,Emerson_dev,2026-07-02T03:43:00,Rank reset this season feels way too punishing compared to last one,ranked complaints,-1,6,0,
269,Reddit,synthetic,Where Winds Meet,r/WhereWindsMeet,post,u/Jordan_lol,2026-07-03T04:32:00,What's the fastest way to level reputation with the current faction event?,community questions,0,111,20,
270,Reddit,synthetic,Where Winds Meet,r/WhereWindsMeet,post,u/Emerson99,2026-06-29T08:52:00,Is the story worth following closely or mostly just an excuse for combat?,comparisons,0,5,1,
271,Reddit,synthetic,Where Winds Meet,r/WhereWindsMeet,post,u/HaydenTTV,2026-06-23T02:59:00,"Combat feels like a genuine mix of Sekiro and Wukong, really well done",open world praise,1,523,31,
272,Reddit,synthetic,Where Winds Meet,r/WhereWindsMeet,post,u/Blair99,2026-06-28T14:55:00,"Battle pass FOMO is real, missed two weeks and feel behind already",monetization concerns,-1,479,154,
273,Reddit,synthetic,Where Winds Meet,r/WhereWindsMeet,post,u/Morgan_x,2026-06-26T03:11:00,Genuinely surprised by how much content is here for a free-to-play title,praise,1,590,99,
274,Reddit,synthetic,Where Winds Meet,r/WhereWindsMeet,post,u/Sage22,2026-06-23T14:43:00,Cosmetic gacha rates are pretty rough for a supposedly free game,monetization concerns,-1,378,80,
275,Reddit,synthetic,Where Winds Meet,r/WhereWindsMeet,post,u/Casey_gg,2026-06-13T08:12:00,Cosmetic gacha rates are pretty rough for a supposedly free game,monetization concerns,-1,489,152,
276,Reddit,synthetic,Where Winds Meet,r/WhereWindsMeet,post,u/Kai_gg,2026-07-30T00:15:00,"The activities outside combat (cooking, fishing, sightseeing) add so much charm",praise,1,251,17,
277,Reddit,synthetic,Where Winds Meet,r/WhereWindsMeet,post,u/JordanTTV,2026-06-26T07:34:00,How does this compare to Wukong difficulty-wise for anyone who's played both?,comparisons,0,60,16,
278,Reddit,synthetic,Where Winds Meet,r/WhereWindsMeet,post,u/Skyler_plays,2026-07-10T10:36:00,What's the fastest way to level reputation with the current faction event?,community questions,0,158,44,
279,Reddit,synthetic,Where Winds Meet,r/WhereWindsMeet,post,u/Sage88,2026-07-07T07:26:00,Queue times at peak hours are still 20+ minutes on my server,server queue/launch issues,-1,163,21,
280,Reddit,synthetic,Where Winds Meet,r/WhereWindsMeet,post,u/Blair07,2026-07-01T17:31:00,Genuinely surprised by how much content is here for a free-to-play title,praise,1,88,30,
281,Reddit,synthetic,Where Winds Meet,r/WhereWindsMeet,post,u/Sage_dev,2026-06-30T04:19:00,What's the fastest way to level reputation with the current faction event?,community questions,0,101,10,
282,Reddit,synthetic,Where Winds Meet,r/WhereWindsMeet,post,u/Hayden_lol,2026-07-25T14:58:00,Cosmetic gacha rates are pretty rough for a supposedly free game,monetization concerns,-1,39,8,
283,Reddit,synthetic,Where Winds Meet,r/WhereWindsMeet,post,u/Rowan_og,2026-06-20T06:21:00,Anyone know the best early build for a sword-focused playstyle?,community questions,0,170,12,
284,Reddit,synthetic,Where Winds Meet,r/WhereWindsMeet,post,u/Kai88,2026-07-27T06:03:00,Queue times at peak hours are still 20+ minutes on my server,server queue/launch issues,-1,147,23,
285,Reddit,synthetic,Where Winds Meet,r/WhereWindsMeet,post,u/Skylerxo,2026-07-20T21:35:00,"The open world design is stunning, best wuxia setting I've played in years",open world praise,1,262,50,
286,Reddit,synthetic,Where Winds Meet,r/WhereWindsMeet,post,u/Drew_x,2026-07-21T03:47:00,"The open world design is stunning, best wuxia setting I've played in years",open world praise,1,812,157,
287,Reddit,synthetic,Where Winds Meet,r/WhereWindsMeet,post,u/Sage_vibes,2026-06-19T17:20:00,Anyone know the best early build for a sword-focused playstyle?,community questions,0,77,12,
288,Reddit,synthetic,Where Winds Meet,r/WhereWindsMeet,post,u/Ellis07,2026-06-26T14:06:00,Login server crashed twice this week during the event,server queue/launch issues,-1,421,144,
289,Reddit,synthetic,Where Winds Meet,r/WhereWindsMeet,post,u/Morgan_gg,2026-06-30T01:36:00,Queue times at peak hours are still 20+ minutes on my server,server queue/launch issues,-1,452,52,
290,Reddit,synthetic,Where Winds Meet,r/WhereWindsMeet,post,u/Sage_vibes,2026-06-24T12:36:00,Login server crashed twice this week during the event,server queue/launch issues,-1,436,53,
291,Reddit,synthetic,Where Winds Meet,r/WhereWindsMeet,comment,u/RowanTTV,2026-07-05T23:41:00,Login server crashed twice this week during the event,server queue/launch issues,-1,64,0,
292,Reddit,synthetic,Where Winds Meet,r/WhereWindsMeet,comment,u/Jordan_lol,2026-07-05T05:58:00,"The activities outside combat (cooking, fishing, sightseeing) add so much charm",praise,1,143,0,
293,Reddit,synthetic,Where Winds Meet,r/WhereWindsMeet,comment,u/HaydenTTV,2026-07-16T01:48:00,"The open world design is stunning, best wuxia setting I've played in years",open world praise,1,6,0,
294,Reddit,synthetic,Where Winds Meet,r/WhereWindsMeet,comment,u/Jordan88,2026-06-24T16:29:00,Genuinely surprised by how much content is here for a free-to-play title,praise,1,100,0,
295,Reddit,synthetic,Where Winds Meet,r/WhereWindsMeet,comment,u/Hayden_gg,2026-06-05T00:34:00,"The activities outside combat (cooking, fishing, sightseeing) add so much charm",praise,1,146,0,
296,Reddit,synthetic,Where Winds Meet,r/WhereWindsMeet,comment,u/Riley99,2026-06-22T00:32:00,"Combat feels like a genuine mix of Sekiro and Wukong, really well done",open world praise,1,115,0,
297,Reddit,synthetic,Where Winds Meet,r/WhereWindsMeet,comment,u/Sam_yt,2026-06-20T11:17:00,"The open world design is stunning, best wuxia setting I've played in years",open world praise,1,106,0,
298,Reddit,synthetic,Where Winds Meet,r/WhereWindsMeet,comment,u/Jordan99,2026-07-18T07:19:00,Is the story worth following closely or mostly just an excuse for combat?,comparisons,0,6,0,
299,Reddit,synthetic,Where Winds Meet,r/WhereWindsMeet,comment,u/Riley99,2026-07-04T01:40:00,Is the story worth following closely or mostly just an excuse for combat?,comparisons,0,1,0,
300,Reddit,synthetic,Where Winds Meet,r/WhereWindsMeet,comment,u/Finley_gg,2026-06-25T18:54:00,Is the story worth following closely or mostly just an excuse for combat?,comparisons,0,7,0,
301,Reddit,synthetic,Where Winds Meet,r/WhereWindsMeet,comment,u/Jordan99,2026-07-18T18:30:00,Cosmetic gacha rates are pretty rough for a supposedly free game,monetization concerns,-1,36,0,
302,Reddit,synthetic,Where Winds Meet,r/WhereWindsMeet,comment,u/Skyler_gg,2026-07-10T21:02:00,"The activities outside combat (cooking, fishing, sightseeing) add so much charm",praise,1,50,0,
303,Reddit,synthetic,Where Winds Meet,r/WhereWindsMeet,comment,u/QuinnTTV,2026-07-19T12:59:00,Cosmetic gacha rates are pretty rough for a supposedly free game,monetization concerns,-1,11,0,
304,Reddit,synthetic,Where Winds Meet,r/WhereWindsMeet,comment,u/Skyler22,2026-07-28T12:43:00,Anyone know the best early build for a sword-focused playstyle?,community questions,0,35,0,
305,Reddit,synthetic,Where Winds Meet,r/WhereWindsMeet,comment,u/Reese_gg,2026-07-18T23:05:00,Genuinely surprised by how much content is here for a free-to-play title,praise,1,133,0,
306,Reddit,synthetic,Where Winds Meet,r/WhereWindsMeet,comment,u/Skyler_gg,2026-06-27T19:38:00,"Combat feels like a genuine mix of Sekiro and Wukong, really well done",open world praise,1,106,0,
307,Reddit,synthetic,Where Winds Meet,r/WhereWindsMeet,comment,u/Sage22,2026-07-02T15:14:00,"The activities outside combat (cooking, fishing, sightseeing) add so much charm",praise,1,96,0,
308,Reddit,synthetic,Where Winds Meet,r/WhereWindsMeet,comment,u/Quinn07,2026-07-16T12:05:00,How does this compare to Wukong difficulty-wise for anyone who's played both?,comparisons,0,40,0,
309,Reddit,synthetic,Where Winds Meet,r/WhereWindsMeet,comment,u/Reese99,2026-06-24T23:24:00,Cosmetic gacha rates are pretty rough for a supposedly free game,monetization concerns,-1,42,0,
310,Reddit,synthetic,Where Winds Meet,r/WhereWindsMeet,comment,u/CaseyTTV,2026-07-02T11:48:00,"The open world design is stunning, best wuxia setting I've played in years",open world praise,1,74,0,
311,Reddit,synthetic,Where Winds Meet,r/WhereWindsMeet,comment,u/Casey_gg,2026-07-09T17:32:00,"The open world design is stunning, best wuxia setting I've played in years",open world praise,1,109,0,
312,Reddit,synthetic,Where Winds Meet,r/WhereWindsMeet,comment,u/Blair_gg,2026-07-12T19:50:00,"Combat feels like a genuine mix of Sekiro and Wukong, really well done",open world praise,1,88,0,
313,Reddit,synthetic,Where Winds Meet,r/WhereWindsMeet,comment,u/Drew88,2026-06-09T23:57:00,Login server crashed twice this week during the event,server queue/launch issues,-1,73,0,
314,Reddit,synthetic,Where Winds Meet,r/WhereWindsMeet,comment,u/Avery_dev,2026-06-14T04:17:00,Anyone know the best early build for a sword-focused playstyle?,community questions,0,20,0,
315,Reddit,synthetic,Where Winds Meet,r/WhereWindsMeet,comment,u/Reesexo,2026-06-25T15:50:00,Cosmetic gacha rates are pretty rough for a supposedly free game,monetization concerns,-1,11,0,
316,Reddit,synthetic,Where Winds Meet,r/WhereWindsMeet,comment,u/Quinn_gg,2026-06-16T14:06:00,"Battle pass FOMO is real, missed two weeks and feel behind already",monetization concerns,-1,19,0,
317,Reddit,synthetic,Where Winds Meet,r/WhereWindsMeet,comment,u/Hayden_og,2026-06-28T10:28:00,Is the story worth following closely or mostly just an excuse for combat?,comparisons,0,22,0,
318,Reddit,synthetic,Where Winds Meet,r/WhereWindsMeet,comment,u/Riley22,2026-07-18T06:30:00,Genuinely surprised by how much content is here for a free-to-play title,praise,1,85,0,
319,Reddit,synthetic,Where Winds Meet,r/WhereWindsMeet,comment,u/Skyler22,2026-07-14T15:36:00,Login server crashed twice this week during the event,server queue/launch issues,-1,33,0,
320,Reddit,synthetic,Where Winds Meet,r/WhereWindsMeet,comment,u/Riley_vibes,2026-07-10T06:37:00,Login server crashed twice this week during the event,server queue/launch issues,-1,71,0,
321,Reddit,synthetic,Where Winds Meet,r/WhereWindsMeet,comment,u/Quinn_og,2026-07-03T22:13:00,Anyone know the best early build for a sword-focused playstyle?,community questions,0,29,0,
322,Reddit,synthetic,Where Winds Meet,r/WhereWindsMeet,comment,u/Morgan_vibes,2026-07-24T13:43:00,Genuinely surprised by how much content is here for a free-to-play title,praise,1,132,0,
323,Reddit,synthetic,Where Winds Meet,r/WhereWindsMeet,comment,u/Kai_dev,2026-06-26T12:04:00,Queue times at peak hours are still 20+ minutes on my server,server queue/launch issues,-1,59,0,
324,Reddit,synthetic,Where Winds Meet,r/WhereWindsMeet,comment,u/Jordan07,2026-07-29T22:26:00,What's the fastest way to level reputation with the current faction event?,community questions,0,35,0,
325,Reddit,synthetic,Where Winds Meet,r/WhereWindsMeet,comment,u/Jordan88,2026-06-25T05:41:00,Queue times at peak hours are still 20+ minutes on my server,server queue/launch issues,-1,80,0,
326,Reddit,synthetic,Where Winds Meet,r/WhereWindsMeet,comment,u/Caseyxo,2026-06-25T13:06:00,"The activities outside combat (cooking, fishing, sightseeing) add so much charm",praise,1,7,0,
327,Reddit,synthetic,Where Winds Meet,r/WhereWindsMeet,comment,u/Emerson_x,2026-06-29T14:49:00,Cosmetic gacha rates are pretty rough for a supposedly free game,monetization concerns,-1,88,0,
328,Reddit,synthetic,Where Winds Meet,r/WhereWindsMeet,comment,u/Casey_og,2026-06-23T09:26:00,Anyone know the best early build for a sword-focused playstyle?,community questions,0,6,0,
329,Reddit,synthetic,Where Winds Meet,r/WhereWindsMeet,comment,u/Ellis99,2026-06-24T16:30:00,Genuinely surprised by how much content is here for a free-to-play title,praise,1,94,0,
330,Reddit,synthetic,Where Winds Meet,r/WhereWindsMeet,comment,u/Casey_vibes,2026-06-23T00:54:00,Is the story worth following closely or mostly just an excuse for combat?,comparisons,0,22,0,
331,Discord,synthetic,Where Winds Meet,Where Winds Meet Community,message,Hayden_dev,2026-07-09T05:21:00,Genuinely surprised by how much content is here for a free-to-play title,praise,1,17,0,
332,Discord,synthetic,Where Winds Meet,Where Winds Meet Community,message,Blair_gg,2026-06-15T20:42:00,"Battle pass FOMO is real, missed two weeks and feel behind already",monetization concerns,-1,13,0,
333,Discord,synthetic,Where Winds Meet,Where Winds Meet Community,message,Taylor_plays,2026-07-01T12:00:00,Genuinely surprised by how much content is here for a free-to-play title,praise,1,22,0,
334,Discord,synthetic,Where Winds Meet,Where Winds Meet Community,message,Skyler_plays,2026-07-25T17:11:00,Queue times at peak hours are still 20+ minutes on my server,server queue/launch issues,-1,11,0,
335,Discord,synthetic,Where Winds Meet,Where Winds Meet Community,message,Kai22,2026-07-07T20:20:00,How does this compare to Wukong difficulty-wise for anyone who's played both?,comparisons,0,6,0,
336,Discord,synthetic,Where Winds Meet,Where Winds Meet Community,message,Kai88,2026-07-13T05:52:00,Anyone know the best early build for a sword-focused playstyle?,community questions,0,4,0,
337,Discord,synthetic,Where Winds Meet,Where Winds Meet Community,message,Morgan_lol,2026-06-23T05:23:00,"The open world design is stunning, best wuxia setting I've played in years",open world praise,1,22,0,
338,Discord,synthetic,Where Winds Meet,Where Winds Meet Community,message,Ellis_vibes,2026-07-10T12:27:00,Is the story worth following closely or mostly just an excuse for combat?,comparisons,0,2,0,
339,Discord,synthetic,Where Winds Meet,Where Winds Meet Community,message,Skyler_og,2026-07-05T09:08:00,Anyone know the best early build for a sword-focused playstyle?,community questions,0,2,0,
340,Discord,synthetic,Where Winds Meet,Where Winds Meet Community,message,Blair_lol,2026-06-04T15:08:00,How does this compare to Wukong difficulty-wise for anyone who's played both?,comparisons,0,3,0,
341,Discord,synthetic,Where Winds Meet,Where Winds Meet Community,message,EllisTTV,2026-07-05T13:45:00,What's the fastest way to level reputation with the current faction event?,community questions,0,7,0,
342,Discord,synthetic,Where Winds Meet,Where Winds Meet Community,message,Drew_lol,2026-06-18T09:02:00,"The open world design is stunning, best wuxia setting I've played in years",open world praise,1,8,0,
343,Discord,synthetic,Where Winds Meet,Where Winds Meet Community,message,Ellis_lol,2026-07-10T23:49:00,Queue times at peak hours are still 20+ minutes on my server,server queue/launch issues,-1,24,0,
344,Discord,synthetic,Where Winds Meet,Where Winds Meet Community,message,Sage_og,2026-06-21T17:52:00,Anyone know the best early build for a sword-focused playstyle?,community questions,0,5,0,
345,Discord,synthetic,Where Winds Meet,Where Winds Meet Community,message,Drewxo,2026-07-01T03:47:00,"Combat feels like a genuine mix of Sekiro and Wukong, really well done",open world praise,1,20,0,
346,Discord,synthetic,Where Winds Meet,Where Winds Meet Community,message,Drew_plays,2026-06-09T14:55:00,"Combat feels like a genuine mix of Sekiro and Wukong, really well done",open world praise,1,3,0,
347,Discord,synthetic,Where Winds Meet,Where Winds Meet Community,message,KaiTTV,2026-07-13T20:27:00,"The activities outside combat (cooking, fishing, sightseeing) add so much charm",praise,1,5,0,
348,Discord,synthetic,Where Winds Meet,Where Winds Meet Community,message,Kai_lol,2026-07-10T11:34:00,Cosmetic gacha rates are pretty rough for a supposedly free game,monetization concerns,-1,8,0,
349,Discord,synthetic,Where Winds Meet,Where Winds Meet Community,message,Finley_vibes,2026-06-22T09:36:00,"Battle pass FOMO is real, missed two weeks and feel behind already",monetization concerns,-1,8,0,
350,Discord,synthetic,Where Winds Meet,Where Winds Meet Community,message,Avery_og,2026-07-24T13:58:00,"The open world design is stunning, best wuxia setting I've played in years",open world praise,1,1,0,
351,Discord,synthetic,Where Winds Meet,Where Winds Meet Community,message,Skyler_og,2026-06-12T07:09:00,Genuinely surprised by how much content is here for a free-to-play title,praise,1,22,0,
352,Discord,synthetic,Where Winds Meet,Where Winds Meet Community,message,Hayden22,2026-07-10T20:17:00,"Battle pass FOMO is real, missed two weeks and feel behind already",monetization concerns,-1,20,0,
353,Discord,synthetic,Where Winds Meet,Where Winds Meet Community,message,Avery_x,2026-07-30T02:25:00,How does this compare to Wukong difficulty-wise for anyone who's played both?,comparisons,0,8,0,
354,Discord,synthetic,Where Winds Meet,Where Winds Meet Community,message,Sam_x,2026-06-24T18:00:00,Login server crashed twice this week during the event,server queue/launch issues,-1,24,0,
355,Discord,synthetic,Where Winds Meet,Where Winds Meet Community,message,Hayden_og,2026-07-24T17:25:00,Is the story worth following closely or mostly just an excuse for combat?,comparisons,0,3,0,
356,Discord,synthetic,Where Winds Meet,Where Winds Meet Community,message,Emerson_og,2026-06-25T17:36:00,"Battle pass FOMO is real, missed two weeks and feel behind already",monetization concerns,-1,4,0,
357,Discord,synthetic,Where Winds Meet,Where Winds Meet Community,message,Rowan_gg,2026-07-22T01:02:00,Is the story worth following closely or mostly just an excuse for combat?,comparisons,0,1,0,
358,Discord,synthetic,Where Winds Meet,Where Winds Meet Community,message,Morgan_vibes,2026-06-04T13:12:00,"The open world design is stunning, best wuxia setting I've played in years",open world praise,1,22,0,
359,Discord,synthetic,Where Winds Meet,Where Winds Meet Community,message,Reesexo,2026-07-30T08:05:00,Queue times at peak hours are still 20+ minutes on my server,server queue/launch issues,-1,20,0,
360,Discord,synthetic,Where Winds Meet,Where Winds Meet Community,message,Quinn_x,2026-07-15T05:03:00,"Combat feels like a genuine mix of Sekiro and Wukong, really well done",open world praise,1,12,0,
361,Reddit,synthetic,World of Warcraft,r/wow,post,u/Morgan88,2026-07-19T03:00:00,Classic servers still feel better designed than half of retail honestly,nostalgia/nostalgia fatigue,0,59,11,
362,Reddit,synthetic,World of Warcraft,r/wow,post,u/Ellis99,2026-07-26T03:55:00,Classic servers still feel better designed than half of retail honestly,nostalgia/nostalgia fatigue,0,113,29,
363,Reddit,synthetic,World of Warcraft,r/wow,post,u/Morgan_vibes,2026-06-10T10:23:00,Classic servers still feel better designed than half of retail honestly,nostalgia/nostalgia fatigue,0,81,7,
364,Reddit,synthetic,World of Warcraft,r/wow,post,u/Taylor_vibes,2026-07-13T20:10:00,New PvP season balance feels rough for melee specs right now,pvp season,0,117,18,
365,Reddit,synthetic,World of Warcraft,r/wow,post,u/CaseyTTV,2026-07-13T21:28:00,New PvP season balance feels rough for melee specs right now,pvp season,0,60,4,
366,Reddit,synthetic,World of Warcraft,r/wow,post,u/Sam_plays,2026-07-01T10:50:00,"Not sure I'm resubbing this time, the content drought before this expansion was rough",expansion skepticism,-1,81,10,
367,Reddit,synthetic,World of Warcraft,r/wow,post,u/Taylor_lol,2026-07-18T00:54:00,"Story pacing in this patch was surprisingly tight, more of this please",questline/story praise,1,714,223,
368,Reddit,synthetic,World of Warcraft,r/wow,post,u/Drew_dev,2026-06-22T20:03:00,The new questline actually had some of the best writing in years,questline/story praise,1,842,268,
369,Reddit,synthetic,World of Warcraft,r/wow,post,u/SkylerTTV,2026-06-08T16:56:00,Subscription plus a cash shop plus expansion price feels like a lot to ask,subscription/monetization,-1,16,5,
370,Reddit,synthetic,World of Warcraft,r/wow,post,u/Sam_gg,2026-07-17T05:48:00,"Token prices are getting out of hand, gold farming barely keeps up",subscription/monetization,-1,251,84,
371,Reddit,synthetic,World of Warcraft,r/wow,post,u/Finley07,2026-06-30T12:32:00,The new questline actually had some of the best writing in years,questline/story praise,1,333,79,
372,Reddit,synthetic,World of Warcraft,r/wow,post,u/Avery99,2026-06-09T20:34:00,"Token prices are getting out of hand, gold farming barely keeps up",subscription/monetization,-1,285,66,
373,Reddit,synthetic,World of Warcraft,r/wow,post,u/Samxo,2026-06-17T04:34:00,"This class balance pass ruined my spec, no survivability in M+ anymore",class balance,-1,177,29,
374,Reddit,synthetic,World of Warcraft,r/wow,post,u/Hayden99,2026-07-28T07:03:00,Anyone else grinding the new PvP season rewards this week?,pvp season,0,67,5,
375,Reddit,synthetic,World of Warcraft,r/wow,post,u/AlexTTV,2026-07-21T05:07:00,Subscription plus a cash shop plus expansion price feels like a lot to ask,subscription/monetization,-1,16,4,
376,Reddit,synthetic,World of Warcraft,r/wow,post,u/Avery_x,2026-07-24T23:16:00,"Token prices are getting out of hand, gold farming barely keeps up",subscription/monetization,-1,95,15,
377,Reddit,synthetic,World of Warcraft,r/wow,post,u/Sam_dev,2026-07-04T02:16:00,"Midnight trailer didn't hype me at all, feels like more of the same systems",expansion skepticism,-1,374,128,
378,Reddit,synthetic,World of Warcraft,r/wow,post,u/Emerson_vibes,2026-06-14T11:10:00,"Token prices are getting out of hand, gold farming barely keeps up",subscription/monetization,-1,140,39,
379,Reddit,synthetic,World of Warcraft,r/wow,post,u/BlairTTV,2026-06-30T00:15:00,New PvP season balance feels rough for melee specs right now,pvp season,0,16,3,
380,Reddit,synthetic,World of Warcraft,r/wow,post,u/Drew22,2026-07-19T23:41:00,Twenty years in and the game still scratches the itch for me somehow,nostalgia/nostalgia fatigue,0,112,13,
381,Reddit,synthetic,World of Warcraft,r/wow,post,u/Riley_plays,2026-07-02T03:32:00,Anyone else grinding the new PvP season rewards this week?,pvp season,0,177,56,
382,Reddit,synthetic,World of Warcraft,r/wow,post,u/Quinn_yt,2026-06-08T14:55:00,The new questline actually had some of the best writing in years,questline/story praise,1,329,92,
383,Reddit,synthetic,World of Warcraft,r/wow,post,u/Reese88,2026-07-04T09:47:00,"Not sure I'm resubbing this time, the content drought before this expansion was rough",expansion skepticism,-1,328,40,
384,Reddit,synthetic,World of Warcraft,r/wow,post,u/Alex_plays,2026-07-08T07:09:00,Subscription plus a cash shop plus expansion price feels like a lot to ask,subscription/monetization,-1,13,4,
385,Reddit,synthetic,World of Warcraft,r/wow,post,u/Blair_og,2026-07-18T00:21:00,"Story pacing in this patch was surprisingly tight, more of this please",questline/story praise,1,41,11,
386,Reddit,synthetic,World of Warcraft,r/wow,post,u/Morgan_x,2026-07-01T13:31:00,Anyone else grinding the new PvP season rewards this week?,pvp season,0,20,6,
387,Reddit,synthetic,World of Warcraft,r/wow,post,u/Sam88,2026-07-04T13:44:00,"This class balance pass ruined my spec, no survivability in M+ anymore",class balance,-1,468,75,
388,Reddit,synthetic,World of Warcraft,r/wow,comment,u/Jordan22,2026-06-29T02:37:00,The new questline actually had some of the best writing in years,questline/story praise,1,150,0,
389,Reddit,synthetic,World of Warcraft,r/wow,comment,u/Skyler_dev,2026-07-02T12:44:00,New PvP season balance feels rough for melee specs right now,pvp season,0,21,0,
390,Reddit,synthetic,World of Warcraft,r/wow,comment,u/Riley_dev,2026-07-04T03:09:00,"This class balance pass ruined my spec, no survivability in M+ anymore",class balance,-1,15,0,
391,Reddit,synthetic,World of Warcraft,r/wow,comment,u/Rowanxo,2026-07-08T11:49:00,"Token prices are getting out of hand, gold farming barely keeps up",subscription/monetization,-1,28,0,
392,Reddit,synthetic,World of Warcraft,r/wow,comment,u/Quinn_og,2026-06-09T05:51:00,"Token prices are getting out of hand, gold farming barely keeps up",subscription/monetization,-1,89,0,
393,Reddit,synthetic,World of Warcraft,r/wow,comment,u/Reese22,2026-06-13T02:45:00,New PvP season balance feels rough for melee specs right now,pvp season,0,16,0,
394,Reddit,synthetic,World of Warcraft,r/wow,comment,u/Rowan_lol,2026-06-20T05:01:00,The new questline actually had some of the best writing in years,questline/story praise,1,108,0,
395,Reddit,synthetic,World of Warcraft,r/wow,comment,u/DrewTTV,2026-07-01T03:00:00,New PvP season balance feels rough for melee specs right now,pvp season,0,4,0,
396,Reddit,synthetic,World of Warcraft,r/wow,comment,u/Emersonxo,2026-07-14T20:05:00,Classic servers still feel better designed than half of retail honestly,nostalgia/nostalgia fatigue,0,38,0,
397,Reddit,synthetic,World of Warcraft,r/wow,comment,u/Sam_og,2026-06-16T20:28:00,"Midnight trailer didn't hype me at all, feels like more of the same systems",expansion skepticism,-1,18,0,
398,Reddit,synthetic,World of Warcraft,r/wow,comment,u/Ellis_gg,2026-07-01T18:27:00,"This class balance pass ruined my spec, no survivability in M+ anymore",class balance,-1,52,0,
399,Reddit,synthetic,World of Warcraft,r/wow,comment,u/Morgan_gg,2026-07-01T08:17:00,"Token prices are getting out of hand, gold farming barely keeps up",subscription/monetization,-1,59,0,
400,Reddit,synthetic,World of Warcraft,r/wow,comment,u/Ellis_gg,2026-07-05T13:56:00,The new questline actually had some of the best writing in years,questline/story praise,1,145,0,
401,Reddit,synthetic,World of Warcraft,r/wow,comment,u/Drew_vibes,2026-06-30T06:41:00,"Not sure I'm resubbing this time, the content drought before this expansion was rough",expansion skepticism,-1,69,0,
402,Reddit,synthetic,World of Warcraft,r/wow,comment,u/Sage07,2026-07-24T22:22:00,The new questline actually had some of the best writing in years,questline/story praise,1,127,0,
403,Reddit,synthetic,World of Warcraft,r/wow,comment,u/Riley_gg,2026-07-06T10:24:00,"Token prices are getting out of hand, gold farming barely keeps up",subscription/monetization,-1,36,0,
404,Reddit,synthetic,World of Warcraft,r/wow,comment,u/Finley_yt,2026-06-21T01:51:00,"This class balance pass ruined my spec, no survivability in M+ anymore",class balance,-1,62,0,
405,Reddit,synthetic,World of Warcraft,r/wow,comment,u/Avery_lol,2026-06-10T07:42:00,The new questline actually had some of the best writing in years,questline/story praise,1,66,0,
406,Reddit,synthetic,World of Warcraft,r/wow,comment,u/Reese_og,2026-06-18T18:54:00,New PvP season balance feels rough for melee specs right now,pvp season,0,25,0,
407,Reddit,synthetic,World of Warcraft,r/wow,comment,u/Emerson88,2026-07-02T18:01:00,Twenty years in and the game still scratches the itch for me somehow,nostalgia/nostalgia fatigue,0,23,0,
408,Reddit,synthetic,World of Warcraft,r/wow,comment,u/Riley_dev,2026-07-25T15:34:00,Twenty years in and the game still scratches the itch for me somehow,nostalgia/nostalgia fatigue,0,20,0,
409,Reddit,synthetic,World of Warcraft,r/wow,comment,u/Skyler88,2026-06-05T16:30:00,"Midnight trailer didn't hype me at all, feels like more of the same systems",expansion skepticism,-1,2,0,
410,Reddit,synthetic,World of Warcraft,r/wow,comment,u/Emerson_x,2026-07-02T01:01:00,Twenty years in and the game still scratches the itch for me somehow,nostalgia/nostalgia fatigue,0,10,0,
411,Reddit,synthetic,World of Warcraft,r/wow,comment,u/Blair88,2026-07-29T11:04:00,Twenty years in and the game still scratches the itch for me somehow,nostalgia/nostalgia fatigue,0,24,0,
412,Reddit,synthetic,World of Warcraft,r/wow,comment,u/Ellis_vibes,2026-07-01T23:27:00,"Not sure I'm resubbing this time, the content drought before this expansion was rough",expansion skepticism,-1,83,0,
413,Reddit,synthetic,World of Warcraft,r/wow,comment,u/Reese_plays,2026-07-09T22:56:00,"This class balance pass ruined my spec, no survivability in M+ anymore",class balance,-1,80,0,
414,Reddit,synthetic,World of Warcraft,r/wow,comment,u/Riley_x,2026-07-20T22:18:00,New PvP season balance feels rough for melee specs right now,pvp season,0,9,0,
415,Reddit,synthetic,World of Warcraft,r/wow,comment,u/Kai_yt,2026-07-23T18:02:00,"Not sure I'm resubbing this time, the content drought before this expansion was rough",expansion skepticism,-1,25,0,
416,Reddit,synthetic,World of Warcraft,r/wow,comment,u/Sam_plays,2026-06-10T15:09:00,The new questline actually had some of the best writing in years,questline/story praise,1,89,0,
417,Reddit,synthetic,World of Warcraft,r/wow,comment,u/Skyler_dev,2026-06-09T22:42:00,Tank changes this patch have made tanking in high keys miserable,class balance,-1,83,0,
418,Reddit,synthetic,World of Warcraft,r/wow,comment,u/Alex_gg,2026-06-26T08:50:00,"Not sure I'm resubbing this time, the content drought before this expansion was rough",expansion skepticism,-1,15,0,
419,Discord,synthetic,World of Warcraft,WoW Community Hub,message,Reese_lol,2026-07-30T13:31:00,"Token prices are getting out of hand, gold farming barely keeps up",subscription/monetization,-1,12,0,
420,Discord,synthetic,World of Warcraft,WoW Community Hub,message,DrewTTV,2026-07-24T18:41:00,Subscription plus a cash shop plus expansion price feels like a lot to ask,subscription/monetization,-1,24,0,
421,Discord,synthetic,World of Warcraft,WoW Community Hub,message,Avery99,2026-06-06T09:01:00,Subscription plus a cash shop plus expansion price feels like a lot to ask,subscription/monetization,-1,10,0,
422,Discord,synthetic,World of Warcraft,WoW Community Hub,message,Skyler88,2026-06-30T17:57:00,"Not sure I'm resubbing this time, the content drought before this expansion was rough",expansion skepticism,-1,2,0,
423,Discord,synthetic,World of Warcraft,WoW Community Hub,message,HaydenTTV,2026-07-01T20:10:00,"Story pacing in this patch was surprisingly tight, more of this please",questline/story praise,1,19,0,
424,Discord,synthetic,World of Warcraft,WoW Community Hub,message,Sagexo,2026-06-30T22:35:00,"Midnight trailer didn't hype me at all, feels like more of the same systems",expansion skepticism,-1,23,0,
425,Discord,synthetic,World of Warcraft,WoW Community Hub,message,Morgan_gg,2026-07-03T18:35:00,Anyone else grinding the new PvP season rewards this week?,pvp season,0,7,0,
426,Discord,synthetic,World of Warcraft,WoW Community Hub,message,Ellis_plays,2026-06-22T21:40:00,"This class balance pass ruined my spec, no survivability in M+ anymore",class balance,-1,19,0,
427,Discord,synthetic,World of Warcraft,WoW Community Hub,message,Quinn07,2026-06-09T15:54:00,"Midnight trailer didn't hype me at all, feels like more of the same systems",expansion skepticism,-1,3,0,
428,Discord,synthetic,World of Warcraft,WoW Community Hub,message,Sage22,2026-07-16T08:05:00,"Token prices are getting out of hand, gold farming barely keeps up",subscription/monetization,-1,20,0,
429,Discord,synthetic,World of Warcraft,WoW Community Hub,message,Avery_dev,2026-06-27T05:28:00,Classic servers still feel better designed than half of retail honestly,nostalgia/nostalgia fatigue,0,0,0,
430,Discord,synthetic,World of Warcraft,WoW Community Hub,message,Casey99,2026-06-30T04:48:00,"Token prices are getting out of hand, gold farming barely keeps up",subscription/monetization,-1,22,0,
431,Discord,synthetic,World of Warcraft,WoW Community Hub,message,Jordan_og,2026-06-30T18:14:00,Anyone else grinding the new PvP season rewards this week?,pvp season,0,8,0,
432,Discord,synthetic,World of Warcraft,WoW Community Hub,message,Ellisxo,2026-07-17T15:36:00,"Token prices are getting out of hand, gold farming barely keeps up",subscription/monetization,-1,7,0,
433,Discord,synthetic,World of Warcraft,WoW Community Hub,message,Finley07,2026-07-19T01:32:00,"Not sure I'm resubbing this time, the content drought before this expansion was rough",expansion skepticism,-1,18,0,
434,Discord,synthetic,World of Warcraft,WoW Community Hub,message,TaylorTTV,2026-06-15T05:13:00,The new questline actually had some of the best writing in years,questline/story praise,1,25,0,
435,Discord,synthetic,World of Warcraft,WoW Community Hub,message,Avery_yt,2026-06-16T20:09:00,"Not sure I'm resubbing this time, the content drought before this expansion was rough",expansion skepticism,-1,19,0,
436,Discord,synthetic,World of Warcraft,WoW Community Hub,message,Finley_dev,2026-07-09T10:54:00,New PvP season balance feels rough for melee specs right now,pvp season,0,4,0,
437,Discord,synthetic,World of Warcraft,WoW Community Hub,message,Casey99,2026-07-04T18:37:00,"Not sure I'm resubbing this time, the content drought before this expansion was rough",expansion skepticism,-1,24,0,
438,Discord,synthetic,World of Warcraft,WoW Community Hub,message,Haydenxo,2026-07-29T17:56:00,The new questline actually had some of the best writing in years,questline/story praise,1,11,0,
439,Discord,synthetic,World of Warcraft,WoW Community Hub,message,BlairTTV,2026-07-04T01:11:00,"Token prices are getting out of hand, gold farming barely keeps up",subscription/monetization,-1,8,0,
440,Discord,synthetic,World of Warcraft,WoW Community Hub,message,Ellisxo,2026-06-25T22:15:00,"Story pacing in this patch was surprisingly tight, more of this please",questline/story praise,1,1,0,
441,Discord,synthetic,World of Warcraft,WoW Community Hub,message,Casey_og,2026-06-23T08:53:00,"This class balance pass ruined my spec, no survivability in M+ anymore",class balance,-1,15,0,
442,Discord,synthetic,World of Warcraft,WoW Community Hub,message,Kai_vibes,2026-07-23T10:17:00,Twenty years in and the game still scratches the itch for me somehow,nostalgia/nostalgia fatigue,0,6,0,
443,Discord,synthetic,World of Warcraft,WoW Community Hub,message,Finley_og,2026-07-26T13:47:00,"Midnight trailer didn't hype me at all, feels like more of the same systems",expansion skepticism,-1,15,0,
444,Discord,synthetic,World of Warcraft,WoW Community Hub,message,Finley22,2026-06-14T02:19:00,"This class balance pass ruined my spec, no survivability in M+ anymore",class balance,-1,22,0,
445,Discord,synthetic,World of Warcraft,WoW Community Hub,message,Rowan_gg,2026-06-16T01:15:00,Twenty years in and the game still scratches the itch for me somehow,nostalgia/nostalgia fatigue,0,0,0,
446,Discord,synthetic,World of Warcraft,WoW Community Hub,message,Alex_plays,2026-07-06T12:40:00,"This class balance pass ruined my spec, no survivability in M+ anymore",class balance,-1,3,0,
447,Discord,synthetic,World of Warcraft,WoW Community Hub,message,Reese_yt,2026-06-15T15:37:00,Tank changes this patch have made tanking in high keys miserable,class balance,-1,17,0,
448,Discord,synthetic,World of Warcraft,WoW Community Hub,message,Blair_gg,2026-07-18T02:18:00,Classic servers still feel better designed than half of retail honestly,nostalgia/nostalgia fatigue,0,0,0,
449,Discord,synthetic,World of Warcraft,WoW Community Hub,message,Avery_vibes,2026-07-15T07:43:00,Twenty years in and the game still scratches the itch for me somehow,nostalgia/nostalgia fatigue,0,3,0,
450,Discord,synthetic,World of Warcraft,WoW Community Hub,message,Morgan_vibes,2026-07-23T21:00:00,Subscription plus a cash shop plus expansion price feels like a lot to ask,subscription/monetization,-1,15,0,
451,Discord,synthetic,World of Warcraft,WoW Community Hub,message,Hayden22,2026-06-23T22:45:00,Twenty years in and the game still scratches the itch for me somehow,nostalgia/nostalgia fatigue,0,4,0,
452,Discord,synthetic,World of Warcraft,WoW Community Hub,message,Casey_gg,2026-07-04T19:25:00,Tank changes this patch have made tanking in high keys miserable,class balance,-1,18,0,
